Sigma H,"[1, 1, 1, 1]"
Sigma V,"[0, 0, 0, 0]"
Atom Number,"[0.0, 140991.21278453068, 71806.32147190551, -6232.63529902177]"
